{
  "project_info": {
    "project_number": "451111133575",
    "project_id": "pcguru-620da",
    "storage_bucket": "pcguru-620da.appspot.com"
  },
  "client": [
    {
      "client_info": {
        "mobilesdk_app_id": "1:451111133575:android:eaa625f02b5a6be3227322",
        "android_client_info": {
          "package_name": "com.example.pcguru"
        }
      },
      "oauth_client": [
        {
          "client_id": "451111133575-ct1p7lk8n7qt8oj5htulcf7fl1mfm9ev.apps.googleusercontent.com",
          "client_type": 3
        }
      ],
      "api_key": [
        {
          "current_key": "AIzaSyC9JzUld-6xk5k7rKXS97X_qWEO5_dQDHs"
        }
      ],
      "services": {
        "appinvite_service": {
          "other_platform_oauth_client": [
            {
              "client_id": "451111133575-ct1p7lk8n7qt8oj5htulcf7fl1mfm9ev.apps.googleusercontent.com",
              "client_type": 3
            }
          ]
        }
      }
    }
  ],
  "configuration_version": "1"
}